Workbook

Sheet Sheet3
A1: Branch | B1: ASTRON CHOWK
A2: Brand | B2: (All)
A4: Row Labels | B4: Sum of Sales Value | C4: Sum of Sales Qty. | D4: Sum of Profit Amt. | H4: GP ACH ACB 12-04-2026 | S4: SAMSUNG TGT VS ACH
A5: 1 - VINIT MANDAVIYA | B5: 1669597 | C5: 42 | D5: 27827.26 | H5: MANAGER NAME | I5: SALES PERSON | J5: GP TGT | K5: QTY TGT | L5: GP ACH | M5: QTY ACH | N5: GP BTD | O5: QTY BTD | P5: PER DAY REQ | Q5: PER DAY QTY REQ | S5: MANAGER NAME | T5: SALES PERSON | U5: SAM VAL TGT | V5: SAM ACH | W5: SAM BTD
A6: 14 - NAKIB | B6: 469599 | C6: 18 | D6: 4692 | H6: ANVARBHAI | I6: 3 - Tanmay Lathiya | J6: 65217 | K6: 115 | L6: =GETPIVOTDATA("Sum of Profit Amt.",$A$4,"Salesperson","3 - Tanmay Lathiya") -> 33012.57 | M6: =GETPIVOTDATA("Sum of Sales Qty.",$A$4,"Salesperson","3 - Tanmay Lathiya") -> 42 | N6: =J6-L6 -> 32204.43 | O6: =K6-M6 -> 73 | P6: =N6/18 -> 1789.135 | Q6: =O6/18 -> 4.0555556 | S6: ANVARBHAI | T6: 3 - Tanmay Lathiya | U6: 925000 | V6: =GETPIVOTDATA("Sum of Sales Value",$A$4,"Salesperson","3 - Tanmay Lathiya") -> 1379827 | W6: =U6-V6 -> -454827
A7: 15 - NIKUNJ JOSHI | B7: 805736 | C7: 37 | D7: 16581 | I7: 6 - NIGAM | J7: 50725 | K7: 110 | L7: =GETPIVOTDATA("Sum of Profit Amt.",$A$4,"Salesperson","6 - NIGAM") -> 6565 | M7: =GETPIVOTDATA("Sum of Sales Qty.",$A$4,"Salesperson","6 - NIGAM") -> 41 | N7: =J7-L7 -> 44160 | O7: =K7-M7 -> 69 | P7: =N7/18 -> 2453.3333 | Q7: =O7/18 -> 3.8333333 | T7: 6 - NIGAM | U7: 925000 | V7: =GETPIVOTDATA("Sum of Sales Value",$A$4,"Salesperson","6 - NIGAM") -> 1321486 | W7: =U7-V7 -> -396486
A8: 16 - UMANG | B8: 1464621 | C8: 54 | D8: 35528 | H8: DEEPBHAI | I8: 27 - Hardik Parmar | J8: 57971 | K8: 90 | L8: =GETPIVOTDATA("Sum of Profit Amt.",$A$4,"Salesperson","27 - Hardik Parmar") -> 17737 | M8: =GETPIVOTDATA("Sum of Sales Qty.",$A$4,"Salesperson","27 - Hardik Parmar") -> 34 | N8: =J8-L8 -> 40234 | O8: =K8-M8 -> 56 | P8: =N8/18 -> 2235.2222 | Q8: =O8/18 -> 3.1111111 | S8: DEEPBHAI | T8: 27 - Hardik Parmar | U8: 925000 | V8: =GETPIVOTDATA("Sum of Sales Value",$A$4,"Salesperson","27 - Hardik Parmar") -> 952056 | W8: =U8-V8 -> -27056
A9: 2 - DIPAK MAKWANA | B9: 407514 | C9: 20 | D9: 6434 | I9: 26 - TINABEN | J9: 55072 | K9: 95 | L9: =GETPIVOTDATA("Sum of Profit Amt.",$A$4,"Salesperson","26 - TINABEN") -> 15413.65 | M9: =GETPIVOTDATA("Sum of Sales Qty.",$A$4,"Salesperson","26 - TINABEN") -> 26 | N9: =J9-L9 -> 39658.35 | O9: =K9-M9 -> 69 | P9: =N9/18 -> 2203.2417 | Q9: =O9/18 -> 3.8333333 | T9: 26 - TINABEN | U9: 925000 | V9: =GETPIVOTDATA("Sum of Sales Value",$A$4,"Salesperson","26 - TINABEN") -> 931069 | W9: =U9-V9 -> -6069
A10: 26 - TINABEN | B10: 931069 | C10: 26 | D10: 15413.65 | I10: 2 - DIPAK MAKWANA | J10: 43478 | K10: 85 | L10: =GETPIVOTDATA("Sum of Profit Amt.",$A$4,"Salesperson","2 - DIPAK MAKWANA") -> 6434 | M10: =GETPIVOTDATA("Sum of Sales Qty.",$A$4,"Salesperson","2 - DIPAK MAKWANA") -> 20 | N10: =J10-L10 -> 37044 | O10: =K10-M10 -> 65 | P10: =N10/18 -> 2058 | Q10: =O10/18 -> 3.6111111 | T10: 2 - DIPAK MAKWANA | U10: 925000 | V10: =GETPIVOTDATA("Sum of Sales Value",$A$4,"Salesperson","2 - DIPAK MAKWANA") -> 407514 | W10: =U10-V10 -> 517486
A11: 27 - Hardik Parmar | B11: 952056 | C11: 34 | D11: 17737 | H11: Mayankbhai | I11: 14 - NAKIB | J11: 43480 | K11: 85 | L11: =GETPIVOTDATA("Sum of Profit Amt.",$A$4,"Salesperson","14 - NAKIB") -> 4692 | M11: =GETPIVOTDATA("Sum of Sales Qty.",$A$4,"Salesperson","14 - NAKIB") -> 18 | N11: =J11-L11 -> 38788 | O11: =K11-M11 -> 67 | P11: =N11/18 -> 2154.8889 | Q11: =O11/18 -> 3.7222222 | S11: Mayankbhai | T11: 14 - NAKIB | U11: 925000 | V11: =GETPIVOTDATA("Sum of Sales Value",$A$4,"Salesperson","14 - NAKIB") -> 469599 | W11: =U11-V11 -> 455401
A12: 3 - Tanmay Lathiya | B12: 1379827 | C12: 42 | D12: 33012.57 | I12: 7 - MUSTUFA MAKVANA | J12: 50725 | K12: 110 | L12: =GETPIVOTDATA("Sum of Profit Amt.",$A$4,"Salesperson","7 - MUSTUFA MAKVANA") -> 10629 | M12: =GETPIVOTDATA("Sum of Sales Qty.",$A$4,"Salesperson","7 - MUSTUFA MAKVANA") -> 30 | N12: =J12-L12 -> 40096 | O12: =K12-M12 -> 80 | P12: =N12/18 -> 2227.5556 | Q12: =O12/18 -> 4.4444444 | T12: 7 - MUSTUFA MAKVANA | U12: 925000 | V12: =GETPIVOTDATA("Sum of Sales Value",$A$4,"Salesperson","7 - MUSTUFA MAKVANA") -> 731806 | W12: =U12-V12 -> 193194
A13: 32 - NIDHI MAKWANA | B13: 962788 | C13: 31 | D13: 12554 | H13: JANAKBHAI | I13: 15 - NIKUNJ JOSHI | J13: 65217 | K13: 110 | L13: =GETPIVOTDATA("Sum of Profit Amt.",$A$4,"Salesperson","15 - NIKUNJ JOSHI") -> 16581 | M13: =GETPIVOTDATA("Sum of Sales Qty.",$A$4,"Salesperson","15 - NIKUNJ JOSHI") -> 37 | N13: =J13-L13 -> 48636 | O13: =K13-M13 -> 73 | P13: =N13/18 -> 2702 | Q13: =O13/18 -> 4.0555556 | S13: JANAKBHAI | T13: 15 - NIKUNJ JOSHI | U13: 925000 | V13: =GETPIVOTDATA("Sum of Sales Value",$A$4,"Salesperson","15 - NIKUNJ JOSHI") -> 805736 | W13: =U13-V13 -> 119264
A14: 34 - AVESH | B14: 1075988 | C14: 37 | D14: 3603 | I14: 4 - MOIN SHAHMADAR | J14: 43478 | K14: 85 | L14: =GETPIVOTDATA("Sum of Profit Amt.",$A$4,"Salesperson","4 - MOIN SHAHMADAR") -> 4856 | M14: =GETPIVOTDATA("Sum of Sales Qty.",$A$4,"Salesperson","4 - MOIN SHAHMADAR") -> 44 | N14: =J14-L14 -> 38622 | O14: =K14-M14 -> 41 | P14: =N14/18 -> 2145.6667 | Q14: =O14/18 -> 2.2777778 | T14: 4 - MOIN SHAHMADAR | U14: 925000 | V14: 0 | W14: =U14-V14 -> 925000
A15: 4 - MOIN SHAHMADAR | B15: 1029646 | C15: 44 | D15: 4856 | H15: KADIRBHAI | I15: 1 - VINIT MANDAVIYA | J15: 65217 | K15: 115 | L15: =GETPIVOTDATA("Sum of Profit Amt.",$A$4,"Salesperson","1 - VINIT MANDAVIYA") -> 27827.26 | M15: =GETPIVOTDATA("Sum of Sales Qty.",$A$4,"Salesperson","1 - VINIT MANDAVIYA") -> 42 | N15: =J15-L15 -> 37389.74 | O15: =K15-M15 -> 73 | P15: =N15/18 -> 2077.2078 | Q15: =O15/18 -> 4.0555556 | S15: KADIRBHAI | T15: 1 - VINIT MANDAVIYA | U15: 925000 | V15: =GETPIVOTDATA("Sum of Sales Value",$A$4,"Salesperson","1 - VINIT MANDAVIYA") -> 1669597 | W15: =U15-V15 -> -744597
A16: 6 - NIGAM | B16: 1321486 | C16: 41 | D16: 6565 | I16: 32 - NIDHI MAKWANA | J16: 50725 | K16: 110 | L16: =GETPIVOTDATA("Sum of Profit Amt.",$A$4,"Salesperson","32 - NIDHI MAKWANA") -> 12554 | M16: =GETPIVOTDATA("Sum of Sales Qty.",$A$4,"Salesperson","32 - NIDHI MAKWANA") -> 31 | N16: =J16-L16 -> 38171 | O16: =K16-M16 -> 79 | P16: =N16/18 -> 2120.6111 | Q16: =O16/18 -> 4.3888889 | T16: 32 - NIDHI MAKWANA | U16: 925000 | V16: =GETPIVOTDATA("Sum of Sales Value",$A$4,"Salesperson","32 - NIDHI MAKWANA") -> 962788 | W16: =U16-V16 -> -37788
A17: 7 - MUSTUFA MAKVANA | B17: 731806 | C17: 30 | D17: 10629 | H17: SHIVANGBHAI | I17: 16 - UMANG | J17: 65217 | K17: 130 | L17: =GETPIVOTDATA("Sum of Profit Amt.",$A$4,"Salesperson","16 - UMANG") -> 35528 | M17: =GETPIVOTDATA("Sum of Sales Qty.",$A$4,"Salesperson","16 - UMANG") -> 54 | N17: =J17-L17 -> 29689 | O17: =K17-M17 -> 76 | P17: =N17/18 -> 1649.3889 | Q17: =O17/18 -> 4.2222222 | S17: SHIVANGBHAI | T17: 16 - UMANG | U17: 925000 | V17: =GETPIVOTDATA("Sum of Sales Value",$A$4,"Salesperson","16 - UMANG") -> 1464621 | W17: =U17-V17 -> -539621
A18: MEHULKAKA | B18: 1254310 | C18: 41 | D18: -33575.31 | I18: 34 - AVESH | J18: 43478 | K18: 105 | L18: =GETPIVOTDATA("Sum of Profit Amt.",$A$4,"Salesperson","34 - AVESH") -> 3603 | M18: =GETPIVOTDATA("Sum of Sales Qty.",$A$4,"Salesperson","34 - AVESH") -> 37 | N18: =J18-L18 -> 39875 | O18: =K18-M18 -> 68 | P18: =N18/18 -> 2215.2778 | Q18: =O18/18 -> 3.7777778 | T18: 34 - AVESH | U18: 925000 | V18: 0 | W18: =U18-V18 -> 925000
A19: Grand Total | B19: 14456043 | C19: 497 | D19: 161857.17 | H19: TOTAL | J19: =SUBTOTAL(109,J6:J18) -> 700000 | K19: =SUBTOTAL(109,K6:K18) -> 1345 | L19: =SUBTOTAL(109,L6:L18) -> 195432.48 | M19: =SUBTOTAL(109,M6:M18) -> 456 | N19: =SUBTOTAL(109,N6:N18) -> 504567.52 | O19: =SUBTOTAL(109,O6:O18) -> 889 | P19: =SUBTOTAL(109,P6:P18) -> 28031.529 | Q19: =SUBTOTAL(109,Q6:Q18) -> 49.388889 | S19: TOTAL | U19: =SUM(U6:U18) -> 12025000 | V19: =SUM(V6:V18) -> 11096099 | W19: =SUM(W6:W18) -> 928901
H22: GP ACHV GRB 12-04-2026 | S22: SAMSUNG TGT VS ACH
H23: SALES PERSON | I23: GP TGT | J23: QTY TGT | K23: GP ACH | L23: QTY ACH | M23: GP BTD | N23: QTY BTD | O23: PER DAY REQ GP | P23: PER DAY QTY REQ | S23: SALES PERSON | T23: SAM VAL TGT | U23: SAM VAL ACH | V23: SAM BTD
H24: 1 - CHIRAG PATHAK | I24: 36912 | J24: 80 | K24: =GETPIVOTDATA("Sum of Profit Amt.",Sheet3!$A$4,"Salesperson","1 - CHIRAG PATHAK") -> #REF! | L24: =GETPIVOTDATA("Sum of Sales Qty.",$A$4,"Salesperson","1 - CHIRAG PATHAK") -> #REF! | M24: =I24-K24 -> #REF! | N24: =J24-L24 -> #REF! | O24: =M24/18 -> #REF! | P24: =N24/18 -> #REF! | S24: 1 - CHIRAG PATHAK | T24: 720000 | U24: 0 | V24: =T24-U24 -> 720000
H25: 13 - Hemang | I25: 98560 | J25: 135 | K25: =GETPIVOTDATA("Sum of Profit Amt.",Sheet3!$A$4,"Salesperson","13 - Hemang") -> #REF! | L25: =GETPIVOTDATA("Sum of Sales Qty.",$A$4,"Salesperson","13 - Hemang") -> #REF! | M25: =I25-K25 -> #REF! | N25: =J25-L25 -> #REF! | O25: =M25/18 -> #REF! | P25: =N25/18 -> #REF! | S25: 13 - Hemang | T25: 720000 | U25: =GETPIVOTDATA("Sum of Sales Value",$A$4,"Salesperson","13 - Hemang") -> #REF! | V25: =T25-U25 -> #REF!
H26: 2 - BHARGAV | I26: 43120 | J26: 105 | K26: =GETPIVOTDATA("Sum of Profit Amt.",Sheet3!$A$4,"Salesperson","2 - BHARGAV") -> #REF! | L26: =GETPIVOTDATA("Sum of Sales Qty.",$A$4,"Salesperson","2 - BHARGAV") -> #REF! | M26: =I26-K26 -> #REF! | N26: =J26-L26 -> #REF! | O26: =M26/18 -> #REF! | P26: =N26/18 -> #REF! | S26: 2 - BHARGAV | T26: 720000 | U26: =GETPIVOTDATA("Sum of Sales Value",$A$4,"Salesperson","2 - BHARGAV") -> #REF! | V26: =T26-U26 -> #REF!
H27: 30-DHRUV ODEDRA | I27: 34496 | J27: 80 | K27: =GETPIVOTDATA("Sum of Profit Amt.",Sheet3!$A$4,"Salesperson","30-DHRUV ODEDRA") -> #REF! | L27: =GETPIVOTDATA("Sum of Sales Qty.",$A$4,"Salesperson","30-DHRUV ODEDRA") -> #REF! | M27: =I27-K27 -> #REF! | N27: =J27-L27 -> #REF! | O27: =M27/18 -> #REF! | P27: =N27/18 -> #REF! | S27: 30-DHRUV ODEDRA | T27: 720000 | U27: =GETPIVOTDATA("Sum of Sales Value",$A$4,"Salesperson","30-DHRUV ODEDRA") -> #REF! | V27: =T27-U27 -> #REF!
H28: 9 - SAHID | I28: 36912 | J28: 80 | K28: =GETPIVOTDATA("Sum of Profit Amt.",Sheet3!$A$4,"Salesperson","9 - SAHID") -> #REF! | L28: =GETPIVOTDATA("Sum of Sales Qty.",$A$4,"Salesperson","9 - SAHID") -> #REF! | M28: =I28-K28 -> #REF! | N28: =J28-L28 -> #REF! | O28: =M28/18 -> #REF! | P28: =N28/18 -> #REF! | S28: 9 - SAHID | T28: 720000 | U28: 0 | V28: =T28-U28 -> 720000
H29: TOTAL | I29: =SUM(I24:I28) -> 250000 | J29: =SUM(J24:J28) -> 480 | K29: =SUM(K24:K28) -> #REF! | L29: =SUM(L24:L28) -> #REF! | M29: =SUM(M24:M28) -> #REF! | N29: =SUM(N24:N28) -> #REF! | O29: =SUM(O24:O28) -> #REF! | P29: =SUM(P24:P28) -> #REF! | S29: TOTAL | T29: =SUM(T24:T28) -> 3600000 | U29: =SUM(U24:U28) -> #REF! | V29: =SUM(V24:V28) -> #REF!
H32: GP ACHV MRB 12-04-2026 | S32: SAMSUNG TGT VS ACH MRB
H33: SALES PERSON | I33: GP TGT | J33: QTY TGT | K33: GP ACH | L33: QTY ACH | M33: GP BTD | N33: QTY BTD | O33: PER DAY REQ GP | P33: PER DAY QTY REQ | S33: SALES PERSON | T33: SAM VAL TGT | U33: SAM VAL ACH | V33: SAM BTD
H34: 2005-VISHALBHAI | I34: =VLOOKUP(H34,[1]Sheet1!$B$3:$H$10,2,0) -> 105000 | J34: =VLOOKUP(H34,[1]Sheet1!$B$3:$H$10,3,0) -> 110 | K34: =GETPIVOTDATA("Sum of Profit Amt.",$A$4,"Salesperson","2005-VISHALBHAI") -> #REF! | L34: =GETPIVOTDATA("Sum of Sales Qty.",$A$4,"Salesperson","2005-VISHALBHAI") -> #REF! | M34: =I34-K34 -> #REF! | N34: =J34-L34 -> #REF! | O34: =M34/18 -> #REF! | P34: =N34/18 -> #REF! | S34: 2005-VISHALBHAI | T34: 720000 | U34: 0 | V34: =T34-U34 -> 720000
H35: 2008-SAHILBHAI | I35: =VLOOKUP(H35,[1]Sheet1!$B$3:$H$10,2,0) -> 75000 | J35: =VLOOKUP(H35,[1]Sheet1!$B$3:$H$10,3,0) -> 95 | K35: =GETPIVOTDATA("Sum of Profit Amt.",$A$4,"Salesperson","2008-SAHILBHAI") -> #REF! | L35: =GETPIVOTDATA("Sum of Sales Qty.",$A$4,"Salesperson","2008-SAHILBHAI") -> #REF! | M35: =I35-K35 -> #REF! | N35: =J35-L35 -> #REF! | O35: =M35/18 -> #REF! | P35: =N35/18 -> #REF! | S35: 2008-SAHILBHAI | T35: 720000 | U35: =GETPIVOTDATA("Sum of Sales Value",$A$4,"Salesperson","2008-SAHILBHAI") -> #REF! | V35: =T35-U35 -> #REF!
H36: 2009 - SAHIL M. | I36: =VLOOKUP(H36,[1]Sheet1!$B$3:$H$10,2,0) -> 60000 | J36: =VLOOKUP(H36,[1]Sheet1!$B$3:$H$10,3,0) -> 85 | K36: =GETPIVOTDATA("Sum of Profit Amt.",$A$4,"Salesperson","2009 - SAHIL M.") -> #REF! | L36: =GETPIVOTDATA("Sum of Sales Qty.",$A$4,"Salesperson","2009 - SAHIL M.") -> #REF! | M36: =I36-K36 -> #REF! | N36: =J36-L36 -> #REF! | O36: =M36/18 -> #REF! | P36: =N36/18 -> #REF! | S36: 2009 - SAHIL M. | T36: 720000 | U36: 0 | V36: =T36-U36 -> 720000
H37: 2020 - FAIZAL | I37: =VLOOKUP(H37,[1]Sheet1!$B$3:$H$10,2,0) -> 75000 | J37: =VLOOKUP(H37,[1]Sheet1!$B$3:$H$10,3,0) -> 90 | K37: =GETPIVOTDATA("Sum of Profit Amt.",$A$4,"Salesperson","2020 - FAIZAL") -> #REF! | L37: =GETPIVOTDATA("Sum of Sales Qty.",$A$4,"Salesperson","2020 - FAIZAL") -> #REF! | M37: =I37-K37 -> #REF! | N37: =J37-L37 -> #REF! | O37: =M37/18 -> #REF! | P37: =N37/18 -> #REF! | S37: 2020 - FAIZAL | T37: 720000 | U37: =GETPIVOTDATA("Sum of Sales Value",$A$4,"Salesperson","2020 - FAIZAL") -> #REF! | V37: =T37-U37 -> #REF!
H38: 2024-HITARTH GOSAI | I38: =VLOOKUP(H38,[1]Sheet1!$B$3:$H$10,2,0) -> 80000 | J38: =VLOOKUP(H38,[1]Sheet1!$B$3:$H$10,3,0) -> 95 | K38: =GETPIVOTDATA("Sum of Profit Amt.",$A$4,"Salesperson","2024-HITARTH GOSAI") -> #REF! | L38: =GETPIVOTDATA("Sum of Sales Qty.",$A$4,"Salesperson","2024-HITARTH GOSAI") -> #REF! | M38: =I38-K38 -> #REF! | N38: =J38-L38 -> #REF! | O38: =M38/18 -> #REF! | P38: =N38/18 -> #REF! | S38: 2024-HITARTH GOSAI | T38: 720000 | U38: =GETPIVOTDATA("Sum of Sales Value",$A$4,"Salesperson","2024-HITARTH GOSAI") -> #REF! | V38: =T38-U38 -> #REF!
H39: 2025 - Jayesh katariya | I39: =VLOOKUP(H39,[1]Sheet1!$B$3:$H$10,2,0) -> 62000 | J39: =VLOOKUP(H39,[1]Sheet1!$B$3:$H$10,3,0) -> 85 | K39: =GETPIVOTDATA("Sum of Profit Amt.",$A$4,"Salesperson","2025 - Jayesh katariya") -> #REF! | L39: =GETPIVOTDATA("Sum of Sales Qty.",$A$4,"Salesperson","2025 - Jayesh katariya") -> #REF! | M39: =I39-K39 -> #REF! | N39: =J39-L39 -> #REF! | O39: =M39/18 -> #REF! | P39: =N39/18 -> #REF! | S39: 2025 - Jayesh katariya | T39: 720000 | U39: =GETPIVOTDATA("Sum of Sales Value",$A$4,"Salesperson","2025 - Jayesh katariya") -> #REF! | V39: =T39-U39 -> #REF!
H40: 2026 - ATIK | I40: =VLOOKUP(H40,[1]Sheet1!$B$3:$H$10,2,0) -> 50000 | J40: =VLOOKUP(H40,[1]Sheet1!$B$3:$H$10,3,0) -> 85 | K40: =GETPIVOTDATA("Sum of Profit Amt.",$A$4,"Salesperson","2026 - ATIK") -> #REF! | L40: =GETPIVOTDATA("Sum of Sales Qty.",$A$4,"Salesperson","2026 - ATIK") -> #REF! | M40: =I40-K40 -> #REF! | N40: =J40-L40 -> #REF! | O40: =M40/18 -> #REF! | P40: =N40/18 -> #REF! | S40: 2026 - ATIK | T40: 720000 | U40: =GETPIVOTDATA("Sum of Sales Value",$A$4,"Salesperson","2026 - ATIK") -> #REF! | V40: =T40-U40 -> #REF!
H41: TOTAL | I41: =SUM(I34:I40) -> 507000 | J41: =SUM(J34:J40) -> 645 | K41: =SUM(K34:K40) -> #REF! | L41: =SUM(L34:L40) -> #REF! | M41: =SUM(M34:M40) -> #REF! | N41: =SUM(N34:N40) -> #REF! | O41: =SUM(O34:O40) -> #REF! | P41: =SUM(P34:P40) -> #REF! | S41: TOTAL | T41: =SUM(T34:T40) -> 5040000 | U41: =SUM(U34:U40) -> #REF! | V41: =SUM(V34:V40) -> #REF!

Sheet Sheet1
A1: Salesperson | B1: Branch | C1: Brand | D1: Doc. No. | E1: Doc. Date | F1: Item/Model | G1: Sales Qty. | H1: Sales Value | I1: Sales Return Qty. | J1: Sales Return Value | K1: Manager Landing | L1: IMEI NO | M1: Profit Amt.
A2: 1 - CHIRAG PATHAK | B2: GONDAL ROAD BRANCH | C2: INFINIX | D2: MT/ACB/44 | E2: 01/04/2026 | F2: HOT 60 5G (6/128GB) SHADOW BLUE:INFINIX:MOBILE | G2: 1 | H2: 13000 | I2: 0 | J2: 0 | K2: 13379 | L2: 358168450526697 | M2: -379
A3: 1 - CHIRAG PATHAK | B3: GONDAL ROAD BRANCH | C3: NOKIA | D3: MT/ACB/58 | E3: 01/04/2026 | F3: N105(SINGLESIM-TA-1423) CHARCOAL:NOKIA:MOBILE | G3: 1 | H3: 1399 | I3: 0 | J3: 0 | K3: 1157 | L3: 355295347976349 | M3: 242
A4: 1 - CHIRAG PATHAK | B4: GONDAL ROAD BRANCH | C4: ONE PLUS | D4: MT/ACB/95 | E4: 02/04/2026 | F4: NORD 5 (8/256GB) PHANTOM GREY:ONE PLUS:MOBILE | G4: 1 | H4: 33999 | I4: 0 | J4: 0 | K4: 33129 | L4: 869066074631335 | M4: 870
A5: 1 - CHIRAG PATHAK | B5: GONDAL ROAD BRANCH | C5: MOTOROLA | D5: MT/GDRB/212 | E5: 08/04/2026 | F5: MOTO G35 (4/128GB) LEAF GREEN:MOTOROLA:MOBILE | G5: 1 | H5: 11800 | I5: 0 | J5: 0 | K5: 12140 | L5: 358557215871838 | M5: -340
A6: 1 - CHIRAG PATHAK | B6: GONDAL ROAD BRANCH | C6: MOTOROLA | D6: MT/GDRB/266 | E6: 09/04/2026 | F6: MOTO G57 (8/128GB) PANTONE CORSAIR:MOTOROLA:MOBILE | G6: 1 | H6: 15500 | I6: 0 | J6: 0 | K6: 15540 | L6: 357355576670373 | M6: -40
A7: 1 - CHIRAG PATHAK | B7: GONDAL ROAD BRANCH | C7: MOTOROLA | D7: MT/GDRB/277 | E7: 09/04/2026 | F7: MOTO G35 (4/128GB) MIDNIGHT BLACK:MOTOROLA:MOBILE | G7: 1 | H7: 12000 | I7: 0 | J7: 0 | K7: 12140 | L7: 358557214019553 | M7: -140
A8: 1 - CHIRAG PATHAK | B8: GONDAL ROAD BRANCH | C8: MOTOROLA | D8: MT/GDRB/314 | E8: 10/04/2026 | F8: MOTO G86 (8/128GB) PANTONE COSMIC SKY:MOTOROLA:MOBILE | G8: 1 | H8: 18000 | I8: 0 | J8: 0 | K8: 17482 | L8: 354510964114458 | M8: 518
A9: 1 - CHIRAG PATHAK | B9: GONDAL ROAD BRANCH | C9: MOTOROLA | D9: MT/GDRB/323 | E9: 11/04/2026 | F9: MOTO G57 (8/128GB) PANTONE CORSAIR:MOTOROLA:MOBILE | G9: 1 | H9: 16000 | I9: 0 | J9: 0 | K9: 15540 | L9: 357355576672130 | M9: 460
A10: 1 - CHIRAG PATHAK | B10: GONDAL ROAD BRANCH | C10: MOTOROLA | D10: MT/GDRB/336 | E10: 11/04/2026 | F10: MOTO EDGE 70 FUSION (8/256GB) COUNTRY AIR:MOTOROLA:MOBILE | G10: 1 | H10: 29999 | I10: 0 | J10: 0 | K10: 28862 | L10: 357279952196193 | M10: 1137
A11: 1 - CHIRAG PATHAK | B11: GONDAL ROAD BRANCH | C11: REALME | D11: MT/GDRB/204 | E11: 08/04/2026 | F11: C83 5G (4/64GB) SPROUTING GREEN:REALME:MOBILE | G11: 1 | H11: 13500 | I11: 0 | J11: 0 | K11: 13582 | L11: 860543080822610 | M11: -82
A12: 1 - CHIRAG PATHAK | B12: GONDAL ROAD BRANCH | C12: REALME | D12: MT/GDRB/333 | E12: 11/04/2026 | F12: C83 5G (4/64GB) SPROUTING GREEN:REALME:MOBILE | G12: 1 | H12: 13300 | I12: 0 | J12: 0 | K12: 13582 | L12: 860543080813130 | M12: -282
A13: 1 - CHIRAG PATHAK | B13: GONDAL ROAD BRANCH | C13: TECNO | D13: MT/GDRB/214 | E13: 08/04/2026 | F13: SPARK GO 5G (KM8-4/128GB) BLACK:TECNO:MOBILE | G13: 1 | H13: 11000 | I13: 0 | J13: 0 | K13: 9622 | L13: 357683480954140 | M13: 1378
... A416: 2026 - ATIK | B416: SANALA ROAD BRANCH (MORBI) | C416: SAMSUNG | D416: MT/SRB/187 | E416: 07/04/2026 | F416: A176BN(A17 5G-8/256GB) BLACK:SAMSUNG:MOBILE | G416: 1 | H416: 22400 | I416: 0 | J416: 0 | K416: 21968 | L416: 350037990082396 | M416: 432
A417: 2026 - ATIK | B417: SANALA ROAD BRANCH (MORBI) | C417: SAMSUNG | D417: MT/SRB/204 | E417: 07/04/2026 | F417: F966BD(FOLD 7-12/256GB) SLIVER SHADOW:SAMSUNG:MOBILE | G417: 1 | H417: 160000 | I417: 0 | J417: 0 | K417: 163057 | L417: 353500151329671 | M417: =H417-K417 -> -3057
A418: 2026 - ATIK | B418: SANALA ROAD BRANCH (MORBI) | C418: SAMSUNG | D418: MT/SRB/227 | E418: 08/04/2026 | F418: E176BD(F17 5G-8/128GB) NEO BLACK:SAMSUNG:MOBILE | G418: 1 | H418: 20100 | I418: 0 | J418: 0 | K418: 19711 | L418: 353726331546542 | M418: 389
A419: 2026 - ATIK | B419: SANALA ROAD BRANCH (MORBI) | C419: SAMSUNG | D419: MT/SRB/247 | E419: 09/04/2026 | F419: A176BN(A17 5G-8/256GB) BLUE:SAMSUNG:MOBILE | G419: 1 | H419: 23000 | I419: 0 | J419: 0 | K419: 21968 | L419: 350037990376111 | M419: 1032
A420: 2026 - ATIK | B420: SANALA ROAD BRANCH (MORBI) | C420: SAMSUNG | D420: MT/SRB/271 | E420: 10/04/2026 | F420: A066BD(A06 5G-4/64GB) LIGHT GRAY:SAMSUNG:MOBILE | G420: 1 | H420: 11500 | I420: 0 | J420: 0 | K420: 12184 | L420: 356668588249148 | M420: -684
A421: 2026 - ATIK | B421: SANALA ROAD BRANCH (MORBI) | C421: SAMSUNG | D421: MT/SRB/272 | E421: 10/04/2026 | F421: A066BD(A06 5G-4/64GB) LIGHT GRAY:SAMSUNG:MOBILE | G421: 1 | H421: 11500 | I421: 0 | J421: 0 | K421: 12184 | L421: 356668588248512 | M421: -684
A422: 2026 - ATIK | B422: SANALA ROAD BRANCH (MORBI) | C422: SAMSUNG | D422: MT/SRB/298 | E422: 11/04/2026 | F422: A266BK(A26 5G-8/128GB) BLACK:SAMSUNG:MOBILE | G422: 1 | H422: 22500 | I422: 0 | J422: 0 | K422: 22782 | L422: 353201664041909 | M422: -282
A423: 2026 - ATIK | B423: SANALA ROAD BRANCH (MORBI) | C423: TECNO | D423: MT/SRB/261 | E423: 10/04/2026 | F423: POVA SLIM 5G (KM9-8/128GB) SKY BLUE:TECNO:MOBILE | G423: 1 | H423: 20500 | I423: 0 | J423: 0 | K423: 18601 | L423: 350984210956844 | M423: 1899
A424: 26 - TINABEN | B424: ASTRON CHOWK | C424: APPLE | D424: MT/ACB/94 | E424: 02/04/2026 | F424: IPHONE 17 PRO MAX(256GB) DEEP BLUE:APPLE:MOBILE | G424: 1 | H424: 149900 | I424: 0 | J424: 0 | K424: 145373 | L424: 356973395613100 | M424: 4527
A425: 26 - TINABEN | B425: ASTRON CHOWK | C425: APPLE | D425: MT/ACB/671 | E425: 10/04/2026 | F425: IPHONE 16(128GB) WHITE:APPLE:MOBILE | G425: 1 | H425: 69000 | I425: 0 | J425: 0 | K425: 67789 | L425: 356342310750969 | M425: 1211
A426: 26 - TINABEN | B426: ASTRON CHOWK | C426: MOTOROLA | D426: MT/ACB/587 | E426: 09/04/2026 | F426: MOTO G67 POWER (8/128GB) BLUE:MOTOROLA:MOBILE | G426: 1 | H426: 16500 | I426: 0 | J426: 0 | K426: 16511 | L426: 356944975360990 | M426: -11
A427: 26 - TINABEN | B427: ASTRON CHOWK | C427: ONE PLUS | D427: MT/ACB/699 | E427: 11/04/2026 | F427: ONE PLUS 15R (12/256GB) CHARCOAL BLACK:ONE PLUS:MOBILE | G427: 1 | H427: 49500 | I427: 0 | J427: 0 | K427: 48915 | L427: 862329083751438 | M427: 585
A428: 26 - TINABEN | B428: ASTRON CHOWK | C428: OPPO | D428: MT/ACB/63 | E428: 01/04/2026 | F428: F31 PRO+ 5G (8/256GB) GEMSTONE BLUE:OPPO:MOBILE | G428: 1 | H428: 30500 | I428: 0 | J428: 0 | K428: 30801 | L428: 866418086200737 | M428: -301
A429: 26 - TINABEN | B429: ASTRON CHOWK | C429: OPPO | D429: MT/ACB/108 | E429: 02/04/2026 | F429: F31 5G (8/128GB) CLOUD GREEN:OPPO:MOBILE | G429: 1 | H429: 24849 | I429: 0 | J429: 0 | K429: 25201 | L429: 862080084971315 | M429: -352
... A856: MEHULKAKA | B856: GONDAL ROAD BRANCH | C856: REALME | D856: MT/GDRB/369 | E856: 12/04/2026 | F856: 16 5G (8/256GB) AIR WHITE:REALME:MOBILE | G856: 1 | H856: 30500 | I856: 0 | J856: 0 | K856: 31010 | L856: 866389084077379 | M856: -510
